Well,Barcode_seq,Full primer sequence,Well,Barcode_read_rev_comp
A01,AAACGG,CAAGCAGAAGACGGCATACGAGATAAACGGGTGACTGGAGTTCAGACGTGTGCTCTTCCGATC*T,A01,CCGTTT
A02,AACGTT,CAAGCAGAAGACGGCATACGAGATAACGTTGTGACTGGAGTTCAGACGTGTGCTCTTCCGATC*T,A02,AACGTT
A03,AACTGA,CAAGCAGAAGACGGCATACGAGATAACTGAGTGACTGGAGTTCAGACGTGTGCTCTTCCGATC*T,A03,TCAGTT
A04,AAGACG,CAAGCAGAAGACGGCATACGAGATAAGACGGTGACTGGAGTTCAGACGTGTGCTCTTCCGATC*T,A04,CGTCTT
A05,AAGCTA,CAAGCAGAAGACGGCATACGAGATAAGCTAGTGACTGGAGTTCAGACGTGTGCTCTTCCGATC*T,A05,TAGCTT
A06,AATATC,CAAGCAGAAGACGGCATACGAGATAATATCGTGACTGGAGTTCAGACGTGTGCTCTTCCGATC*T,A06,GATATT
A07,AATGAG,CAAGCAGAAGACGGCATACGAGATAATGAGGTGACTGGAGTTCAGACGTGTGCTCTTCCGATC*T,A07,CTCATT
A08,ACAAGA,CAAGCAGAAGACGGCATACGAGATACAAGAGTGACTGGAGTTCAGACGTGTGCTCTTCCGATC*T,A08,TCTTGT
A09,ACAGCG,CAAGCAGAAGACGGCATACGAGATACAGCGGTGACTGGAGTTCAGACGTGTGCTCTTCCGATC*T,A09,CGCTGT
A10,ACATAC,CAAGCAGAAGACGGCATACGAGATACATACGTGACTGGAGTTCAGACGTGTGCTCTTCCGATC*T,A10,GTATGT
A11,ACCATG,CAAGCAGAAGACGGCATACGAGATACCATGGTGACTGGAGTTCAGACGTGTGCTCTTCCGATC*T,A11,CATGGT
A12,ACCCCC,CAAGCAGAAGACGGCATACGAGATACCCCCGTGACTGGAGTTCAGACGTGTGCTCTTCCGATC*T,A12,GGGGGT
B01,ACTCTT,CAAGCAGAAGACGGCATACGAGATACTCTTGTGACTGGAGTTCAGACGTGTGCTCTTCCGATC*T,B01,AAGAGT
B02,ACTGGC,CAAGCAGAAGACGGCATACGAGATACTGGCGTGACTGGAGTTCAGACGTGTGCTCTTCCGATC*T,B02,GCCAGT
B03,AGCCAT,CAAGCAGAAGACGGCATACGAGATAGCCATGTGACTGGAGTTCAGACGTGTGCTCTTCCGATC*T,B03,ATGGCT
B04,AGCGCA,CAAGCAGAAGACGGCATACGAGATAGCGCAGTGACTGGAGTTCAGACGTGTGCTCTTCCGATC*T,B04,TGCGCT
B05,AGGGTC,CAAGCAGAAGACGGCATACGAGATAGGGTCGTGACTGGAGTTCAGACGTGTGCTCTTCCGATC*T,B05,GACCCT
B06,AGGTGT,CAAGCAGAAGACGGCATACGAGATAGGTGTGTGACTGGAGTTCAGACGTGTGCTCTTCCGATC*T,B06,ACACCT
B07,AGTAGG,CAAGCAGAAGACGGCATACGAGATAGTAGGGTGACTGGAGTTCAGACGTGTGCTCTTCCGATC*T,B07,CCTACT
B08,AGTTAA,CAAGCAGAAGACGGCATACGAGATAGTTAAGTGACTGGAGTTCAGACGTGTGCTCTTCCGATC*T,B08,TTAACT
B09,ATAGTA,CAAGCAGAAGACGGCATACGAGATATAGTAGTGACTGGAGTTCAGACGTGTGCTCTTCCGATC*T,B09,TACTAT
B10,ATCAAA,CAAGCAGAAGACGGCATACGAGATATCAAAGTGACTGGAGTTCAGACGTGTGCTCTTCCGATC*T,B10,TTTGAT
B11,ATGCAC,CAAGCAGAAGACGGCATACGAGATATGCACGTGACTGGAGTTCAGACGTGTGCTCTTCCGATC*T,B11,GTGCAT
B12,ATGTTG,CAAGCAGAAGACGGCATACGAGATATGTTGGTGACTGGAGTTCAGACGTGTGCTCTTCCGATC*T,B12,CAACAT
C01,ATTCCG,CAAGCAGAAGACGGCATACGAGATATTCCGGTGACTGGAGTTCAGACGTGTGCTCTTCCGATC*T,C01,CGGAAT
C02,CAAAAA,CAAGCAGAAGACGGCATACGAGATCAAAAAGTGACTGGAGTTCAGACGTGTGCTCTTCCGATC*T,C02,TTTTTG
C03,CAATCG,CAAGCAGAAGACGGCATACGAGATCAATCGGTGACTGGAGTTCAGACGTGTGCTCTTCCGATC*T,C03,CGATTG
C04,CACCTC,CAAGCAGAAGACGGCATACGAGATCACCTCGTGACTGGAGTTCAGACGTGTGCTCTTCCGATC*T,C04,GAGGTG
C05,CAGGCA,CAAGCAGAAGACGGCATACGAGATCAGGCAGTGACTGGAGTTCAGACGTGTGCTCTTCCGATC*T,C05,TGCCTG
C06,CATACT,CAAGCAGAAGACGGCATACGAGATCATACTGTGACTGGAGTTCAGACGTGTGCTCTTCCGATC*T,C06,AGTATG
C07,CCATTT,CAAGCAGAAGACGGCATACGAGATCCATTTGTGACTGGAGTTCAGACGTGTGCTCTTCCGATC*T,C07,AAATGG
C08,CCCGGT,CAAGCAGAAGACGGCATACGAGATCCCGGTGTGACTGGAGTTCAGACGTGTGCTCTTCCGATC*T,C08,ACCGGG
C09,CCCTAA,CAAGCAGAAGACGGCATACGAGATCCCTAAGTGACTGGAGTTCAGACGTGTGCTCTTCCGATC*T,C09,TTAGGG
C10,CCGAGG,CAAGCAGAAGACGGCATACGAGATCCGAGGGTGACTGGAGTTCAGACGTGTGCTCTTCCGATC*T,C10,CCTCGG
C11,CCGCAT,CAAGCAGAAGACGGCATACGAGATCCGCATGTGACTGGAGTTCAGACGTGTGCTCTTCCGATC*T,C11,ATGCGG
C12,CCTAAC,CAAGCAGAAGACGGCATACGAGATCCTAACGTGACTGGAGTTCAGACGTGTGCTCTTCCGATC*T,C12,GTTAGG
D01,CGAGGC,CAAGCAGAAGACGGCATACGAGATCGAGGCGTGACTGGAGTTCAGACGTGTGCTCTTCCGATC*T,D01,GCCTCG
D02,CGCAGA,CAAGCAGAAGACGGCATACGAGATCGCAGAGTGACTGGAGTTCAGACGTGTGCTCTTCCGATC*T,D02,TCTGCG
D03,CGCGTG,CAAGCAGAAGACGGCATACGAGATCGCGTGGTGACTGGAGTTCAGACGTGTGCTCTTCCGATC*T,D03,CACGCG
D04,CGGTCC,CAAGCAGAAGACGGCATACGAGATCGGTCCGTGACTGGAGTTCAGACGTGTGCTCTTCCGATC*T,D04,GGACCG
D05,CGTCTA,CAAGCAGAAGACGGCATACGAGATCGTCTAGTGACTGGAGTTCAGACGTGTGCTCTTCCGATC*T,D05,TAGACG
D06,CGTGAT,CAAGCAGAAGACGGCATACGAGATCGTGATGTGACTGGAGTTCAGACGTGTGCTCTTCCGATC*T,D06,ATCACG
D07,CTACAG,CAAGCAGAAGACGGCATACGAGATCTACAGGTGACTGGAGTTCAGACGTGTGCTCTTCCGATC*T,D07,CTGTAG
D08,CTCGCC,CAAGCAGAAGACGGCATACGAGATCTCGCCGTGACTGGAGTTCAGACGTGTGCTCTTCCGATC*T,D08,GGCGAG
D09,CTGCGA,CAAGCAGAAGACGGCATACGAGATCTGCGAGTGACTGGAGTTCAGACGTGTGCTCTTCCGATC*T,D09,TCGCAG
D10,CTGGTT,CAAGCAGAAGACGGCATACGAGATCTGGTTGTGACTGGAGTTCAGACGTGTGCTCTTCCGATC*T,D10,AACCAG
D11,CTTATG,CAAGCAGAAGACGGCATACGAGATCTTATGGTGACTGGAGTTCAGACGTGTGCTCTTCCGATC*T,D11,CATAAG
D12,CTTTGC,CAAGCAGAAGACGGCATACGAGATCTTTGCGTGACTGGAGTTCAGACGTGTGCTCTTCCGATC*T,D12,GCAAAG
E01,GAAATG,CAAGCAGAAGACGGCATACGAGATGAAATGGTGACTGGAGTTCAGACGTGTGCTCTTCCGATC*T,E01,CATTTC
E02,GAACCA,CAAGCAGAAGACGGCATACGAGATGAACCAGTGACTGGAGTTCAGACGTGTGCTCTTCCGATC*T,E02,TGGTTC
E03,GACGAC,CAAGCAGAAGACGGCATACGAGATGACGACGTGACTGGAGTTCAGACGTGTGCTCTTCCGATC*T,E03,GTCGTC
E04,GACTCT,CAAGCAGAAGACGGCATACGAGATGACTCTGTGACTGGAGTTCAGACGTGTGCTCTTCCGATC*T,E04,AGAGTC
E05,GAGAGA,CAAGCAGAAGACGGCATACGAGATGAGAGAGTGACTGGAGTTCAGACGTGTGCTCTTCCGATC*T,E05,TCTCTC
E06,GATCGT,CAAGCAGAAGACGGCATACGAGATGATCGTGTGACTGGAGTTCAGACGTGTGCTCTTCCGATC*T,E06,ACGATC
E07,GCAGAT,CAAGCAGAAGACGGCATACGAGATGCAGATGTGACTGGAGTTCAGACGTGTGCTCTTCCGATC*T,E07,ATCTGC
E08,GCATGG,CAAGCAGAAGACGGCATACGAGATGCATGGGTGACTGGAGTTCAGACGTGTGCTCTTCCGATC*T,E08,CCATGC
E09,GCCGTA,CAAGCAGAAGACGGCATACGAGATGCCGTAGTGACTGGAGTTCAGACGTGTGCTCTTCCGATC*T,E09,TACGGC
E10,GCGACC,CAAGCAGAAGACGGCATACGAGATGCGACCGTGACTGGAGTTCAGACGTGTGCTCTTCCGATC*T,E10,GGTCGC
E11,GCGCTG,CAAGCAGAAGACGGCATACGAGATGCGCTGGTGACTGGAGTTCAGACGTGTGCTCTTCCGATC*T,E11,CAGCGC
E12,GCTCAA,CAAGCAGAAGACGGCATACGAGATGCTCAAGTGACTGGAGTTCAGACGTGTGCTCTTCCGATC*T,E12,TTGAGC
F01,GGACTT,CAAGCAGAAGACGGCATACGAGATGGACTTGTGACTGGAGTTCAGACGTGTGCTCTTCCGATC*T,F01,AAGTCC
F02,GGCAAG,CAAGCAGAAGACGGCATACGAGATGGCAAGGTGACTGGAGTTCAGACGTGTGCTCTTCCGATC*T,F02,CTTGCC
F03,GGGCGC,CAAGCAGAAGACGGCATACGAGATGGGCGCGTGACTGGAGTTCAGACGTGTGCTCTTCCGATC*T,F03,GCGCCC
F04,GGGGCG,CAAGCAGAAGACGGCATACGAGATGGGGCGGTGACTGGAGTTCAGACGTGTGCTCTTCCGATC*T,F04,CGCCCC
F05,GGTACA,CAAGCAGAAGACGGCATACGAGATGGTACAGTGACTGGAGTTCAGACGTGTGCTCTTCCGATC*T,F05,TGTACC
F06,GGTTTG,CAAGCAGAAGACGGCATACGAGATGGTTTGGTGACTGGAGTTCAGACGTGTGCTCTTCCGATC*T,F06,CAAACC
F07,GTAAGT,CAAGCAGAAGACGGCATACGAGATGTAAGTGTGACTGGAGTTCAGACGTGTGCTCTTCCGATC*T,F07,ACTTAC
F08,GTATCC,CAAGCAGAAGACGGCATACGAGATGTATCCGTGACTGGAGTTCAGACGTGTGCTCTTCCGATC*T,F08,GGATAC
F09,GTCATC,CAAGCAGAAGACGGCATACGAGATGTCATCGTGACTGGAGTTCAGACGTGTGCTCTTCCGATC*T,F09,GATGAC
F10,GTGCCT,CAAGCAGAAGACGGCATACGAGATGTGCCTGTGACTGGAGTTCAGACGTGTGCTCTTCCGATC*T,F10,AGGCAC
F11,GTGTAA,CAAGCAGAAGACGGCATACGAGATGTGTAAGTGACTGGAGTTCAGACGTGTGCTCTTCCGATC*T,F11,TTACAC
F12,GTTGGA,CAAGCAGAAGACGGCATACGAGATGTTGGAGTGACTGGAGTTCAGACGTGTGCTCTTCCGATC*T,F12,TCCAAC
G01,TAAGCT,CAAGCAGAAGACGGCATACGAGATTAAGCTGTGACTGGAGTTCAGACGTGTGCTCTTCCGATC*T,G01,AGCTTA
G02,TAATTC,CAAGCAGAAGACGGCATACGAGATTAATTCGTGACTGGAGTTCAGACGTGTGCTCTTCCGATC*T,G02,GAATTA
G03,TACACA,CAAGCAGAAGACGGCATACGAGATTACACAGTGACTGGAGTTCAGACGTGTGCTCTTCCGATC*T,G03,TGTGTA
G04,TACGGG,CAAGCAGAAGACGGCATACGAGATTACGGGGTGACTGGAGTTCAGACGTGTGCTCTTCCGATC*T,G04,CCCGTA
G05,TAGTAT,CAAGCAGAAGACGGCATACGAGATTAGTATGTGACTGGAGTTCAGACGTGTGCTCTTCCGATC*T,G05,ATACTA
G06,TATCAC,CAAGCAGAAGACGGCATACGAGATTATCACGTGACTGGAGTTCAGACGTGTGCTCTTCCGATC*T,G06,GTGATA
G07,TCAAAG,CAAGCAGAAGACGGCATACGAGATTCAAAGGTGACTGGAGTTCAGACGTGTGCTCTTCCGATC*T,G07,CTTTGA
G08,TCCTGC,CAAGCAGAAGACGGCATACGAGATTCCTGCGTGACTGGAGTTCAGACGTGTGCTCTTCCGATC*T,G08,GCAGGA
G09,TCGATT,CAAGCAGAAGACGGCATACGAGATTCGATTGTGACTGGAGTTCAGACGTGTGCTCTTCCGATC*T,G09,AATCGA
G10,TCGCCA,CAAGCAGAAGACGGCATACGAGATTCGCCAGTGACTGGAGTTCAGACGTGTGCTCTTCCGATC*T,G10,TGGCGA
G11,TCGGAC,CAAGCAGAAGACGGCATACGAGATTCGGACGTGACTGGAGTTCAGACGTGTGCTCTTCCGATC*T,G11,GTCCGA
G12,TCTCGG,CAAGCAGAAGACGGCATACGAGATTCTCGGGTGACTGGAGTTCAGACGTGTGCTCTTCCGATC*T,G12,CCGAGA
H01,TCTTCT,CAAGCAGAAGACGGCATACGAGATTCTTCTGTGACTGGAGTTCAGACGTGTGCTCTTCCGATC*T,H01,AGAAGA
H02,TGAACC,CAAGCAGAAGACGGCATACGAGATTGAACCGTGACTGGAGTTCAGACGTGTGCTCTTCCGATC*T,H02,GGTTCA
H03,TGACAA,CAAGCAGAAGACGGCATACGAGATTGACAAGTGACTGGAGTTCAGACGTGTGCTCTTCCGATC*T,H03,TTGTCA
H04,TGCCCG,CAAGCAGAAGACGGCATACGAGATTGCCCGGTGACTGGAGTTCAGACGTGTGCTCTTCCGATC*T,H04,CGGGCA
H05,TGCTTA,CAAGCAGAAGACGGCATACGAGATTGCTTAGTGACTGGAGTTCAGACGTGTGCTCTTCCGATC*T,H05,TAAGCA
H06,TGGGGA,CAAGCAGAAGACGGCATACGAGATTGGGGAGTGACTGGAGTTCAGACGTGTGCTCTTCCGATC*T,H06,TCCCCA
H07,TTATGA,CAAGCAGAAGACGGCATACGAGATTTATGAGTGACTGGAGTTCAGACGTGTGCTCTTCCGATC*T,H07,TCATAA
H08,TTCCGT,CAAGCAGAAGACGGCATACGAGATTTCCGTGTGACTGGAGTTCAGACGTGTGCTCTTCCGATC*T,H08,ACGGAA
H09,TTCTAG,CAAGCAGAAGACGGCATACGAGATTTCTAGGTGACTGGAGTTCAGACGTGTGCTCTTCCGATC*T,H09,CTAGAA
H10,TTGAGC,CAAGCAGAAGACGGCATACGAGATTTGAGCGTGACTGGAGTTCAGACGTGTGCTCTTCCGATC*T,H10,GCTCAA
H11,TTTAAT,CAAGCAGAAGACGGCATACGAGATTTTAATGTGACTGGAGTTCAGACGTGTGCTCTTCCGATC*T,H11,ATTAAA
H12,TTTGTC,CAAGCAGAAGACGGCATACGAGATTTTGTCGTGACTGGAGTTCAGACGTGTGCTCTTCCGATC*T,H12,GACAAA
,,,,
,,,,
,,,,
,,,,