Well,Name,Sequence,Barcode
A1,Black01_A01_i5F,AATGATACGGCGACCACCGAGATCTACACACTGCGAAACACTCTTTCCCTACACGACGCTCTTCCGATC*T,ACTGCGAA
B1,Black02_B01_i5F,AATGATACGGCGACCACCGAGATCTACACCGACACTTACACTCTTTCCCTACACGACGCTCTTCCGATC*T,CGACACTT
C1,Black03_C01_i5F,AATGATACGGCGACCACCGAGATCTACACTACAGAGCACACTCTTTCCCTACACGACGCTCTTCCGATC*T,TACAGAGC
D1,Black04_D01_i5F,AATGATACGGCGACCACCGAGATCTACACGTACCACAACACTCTTTCCCTACACGACGCTCTTCCGATC*T,GTACCACA
E1,Black05_E01_i5F,AATGATACGGCGACCACCGAGATCTACACAGGAACACACACTCTTTCCCTACACGACGCTCTTCCGATC*T,AGGAACAC
F1,Black06_F01_i5F,AATGATACGGCGACCACCGAGATCTACACACCGAATGACACTCTTTCCCTACACGACGCTCTTCCGATC*T,ACCGAATG
G1,Black07_G01_i5F,AATGATACGGCGACCACCGAGATCTACACCAATGCGAACACTCTTTCCCTACACGACGCTCTTCCGATC*T,CAATGCGA
H1,Black08_H01_i5F,AATGATACGGCGACCACCGAGATCTACACGTTATGGCACACTCTTTCCCTACACGACGCTCTTCCGATC*T,GTTATGGC
A2,Black09_A02_i5F,AATGATACGGCGACCACCGAGATCTACACTAGTCTCGACACTCTTTCCCTACACGACGCTCTTCCGATC*T,TAGTCTCG
B2,Black10_B02_i5F,AATGATACGGCGACCACCGAGATCTACACCTCACCAAACACTCTTTCCCTACACGACGCTCTTCCGATC*T,CTCACCAA
C2,Black11_C02_i5F,AATGATACGGCGACCACCGAGATCTACACAAGCGTTCACACTCTTTCCCTACACGACGCTCTTCCGATC*T,AAGCGTTC
D2,Black12_D02_i5F,AATGATACGGCGACCACCGAGATCTACACGCATTGGTACACTCTTTCCCTACACGACGCTCTTCCGATC*T,GCATTGGT
E2,Black13_E02_i5F,AATGATACGGCGACCACCGAGATCTACACTGGAAGCAACACTCTTTCCCTACACGACGCTCTTCCGATC*T,TGGAAGCA
F2,Black14_F02_i5F,AATGATACGGCGACCACCGAGATCTACACACAGGCATACACTCTTTCCCTACACGACGCTCTTCCGATC*T,ACAGGCAT
G2,Black15_G02_i5F,AATGATACGGCGACCACCGAGATCTACACGATCAAGGACACTCTTTCCCTACACGACGCTCTTCCGATC*T,GATCAAGG
H2,Black16_H02_i5F,AATGATACGGCGACCACCGAGATCTACACCCTATACCACACTCTTTCCCTACACGACGCTCTTCCGATC*T,CCTATACC
A3,Black17_A03_i5F,AATGATACGGCGACCACCGAGATCTACACTGAGCTGTACACTCTTTCCCTACACGACGCTCTTCCGATC*T,TGAGCTGT
B3,Black18_B03_i5F,AATGATACGGCGACCACCGAGATCTACACAACCAGAGACACTCTTTCCCTACACGACGCTCTTCCGATC*T,AACCAGAG
C3,Black19_C03_i5F,AATGATACGGCGACCACCGAGATCTACACAGTGACCTACACTCTTTCCCTACACGACGCTCTTCCGATC*T,AGTGACCT
D3,Black20_D03_i5F,AATGATACGGCGACCACCGAGATCTACACCTGTGGTAACACTCTTTCCCTACACGACGCTCTTCCGATC*T,CTGTGGTA
E3,Black21_E03_i5F,AATGATACGGCGACCACCGAGATCTACACGTCGTTACACACTCTTTCCCTACACGACGCTCTTCCGATC*T,GTCGTTAC
F3,Black22_F03_i5F,AATGATACGGCGACCACCGAGATCTACACTAGCCATGACACTCTTTCCCTACACGACGCTCTTCCGATC*T,TAGCCATG
G3,Black23_G03_i5F,AATGATACGGCGACCACCGAGATCTACACTTGGACTGACACTCTTTCCCTACACGACGCTCTTCCGATC*T,TTGGACTG
H3,Black24_H03_i5F,AATGATACGGCGACCACCGAGATCTACACCAACGAGTACACTCTTTCCCTACACGACGCTCTTCCGATC*T,CAACGAGT
A4,Black25_A04_i5F,AATGATACGGCGACCACCGAGATCTACACAGTATGCCACACTCTTTCCCTACACGACGCTCTTCCGATC*T,AGTATGCC
B4,Black26_B04_i5F,AATGATACGGCGACCACCGAGATCTACACGCGTATCAACACTCTTTCCCTACACGACGCTCTTCCGATC*T,GCGTATCA
C4,Black27_C04_i5F,AATGATACGGCGACCACCGAGATCTACACACCATAGGACACTCTTTCCCTACACGACGCTCTTCCGATC*T,ACCATAGG
D4,Black28_D04_i5F,AATGATACGGCGACCACCGAGATCTACACTTACCGACACACTCTTTCCCTACACGACGCTCTTCCGATC*T,TTACCGAC
E4,Black29_E04_i5F,AATGATACGGCGACCACCGAGATCTACACGAACCTTCACACTCTTTCCCTACACGACGCTCTTCCGATC*T,GAACCTTC
F4,Black30_F04_i5F,AATGATACGGCGACCACCGAGATCTACACACTTGGCTACACTCTTTCCCTACACGACGCTCTTCCGATC*T,ACTTGGCT
G4,Black31_G04_i5F,AATGATACGGCGACCACCGAGATCTACACCGGATCAAACACTCTTTCCCTACACGACGCTCTTCCGATC*T,CGGATCAA
H4,Black32_H04_i5F,AATGATACGGCGACCACCGAGATCTACACGTCCTGTTACACTCTTTCCCTACACGACGCTCTTCCGATC*T,GTCCTGTT
A5,Black33_A05_i5F,AATGATACGGCGACCACCGAGATCTACACTGGTGAAGACACTCTTTCCCTACACGACGCTCTTCCGATC*T,TGGTGAAG
B5,Black34_B05_i5F,AATGATACGGCGACCACCGAGATCTACACAATGACGCACACTCTTTCCCTACACGACGCTCTTCCGATC*T,AATGACGC
C5,Black35_C05_i5F,AATGATACGGCGACCACCGAGATCTACACCTCGAACAACACTCTTTCCCTACACGACGCTCTTCCGATC*T,CTCGAACA
D5,Black36_D05_i5F,AATGATACGGCGACCACCGAGATCTACACGCAACCATACACTCTTTCCCTACACGACGCTCTTCCGATC*T,GCAACCAT
E5,Black37_E05_i5F,AATGATACGGCGACCACCGAGATCTACACTATGACCGACACTCTTTCCCTACACGACGCTCTTCCGATC*T,TATGACCG
F5,Black38_F05_i5F,AATGATACGGCGACCACCGAGATCTACACATACTGGCACACTCTTTCCCTACACGACGCTCTTCCGATC*T,ATACTGGC
G5,Black39_G05_i5F,AATGATACGGCGACCACCGAGATCTACACCGGAGTATACACTCTTTCCCTACACGACGCTCTTCCGATC*T,CGGAGTAT
H5,Black40_H05_i5F,AATGATACGGCGACCACCGAGATCTACACGTTGCTGTACACTCTTTCCCTACACGACGCTCTTCCGATC*T,GTTGCTGT
A6,Black41_A06_i5F,AATGATACGGCGACCACCGAGATCTACACTACTGCTCACACTCTTTCCCTACACGACGCTCTTCCGATC*T,TACTGCTC
B6,Black42_B06_i5F,AATGATACGGCGACCACCGAGATCTACACCCACAACAACACTCTTTCCCTACACGACGCTCTTCCGATC*T,CCACAACA
C6,Black43_C06_i5F,AATGATACGGCGACCACCGAGATCTACACTGCGTAACACACTCTTTCCCTACACGACGCTCTTCCGATC*T,TGCGTAAC
D6,Black44_D06_i5F,AATGATACGGCGACCACCGAGATCTACACACAACGTGACACTCTTTCCCTACACGACGCTCTTCCGATC*T,ACAACGTG
E6,Black45_E06_i5F,AATGATACGGCGACCACCGAGATCTACACAACGCACAACACTCTTTCCCTACACGACGCTCTTCCGATC*T,AACGCACA
F6,Black46_F06_i5F,AATGATACGGCGACCACCGAGATCTACACCTGTATGCACACTCTTTCCCTACACGACGCTCTTCCGATC*T,CTGTATGC
G6,Black47_G06_i5F,AATGATACGGCGACCACCGAGATCTACACTCTAGGAGACACTCTTTCCCTACACGACGCTCTTCCGATC*T,TCTAGGAG
H6,Black48_H06_i5F,AATGATACGGCGACCACCGAGATCTACACGGCAAGTTACACTCTTTCCCTACACGACGCTCTTCCGATC*T,GGCAAGTT
A7,Black49_A07_i5F,AATGATACGGCGACCACCGAGATCTACACACTCCTACACACTCTTTCCCTACACGACGCTCTTCCGATC*T,ACTCCTAC
B7,Black50_B07_i5F,AATGATACGGCGACCACCGAGATCTACACGTATTCCGACACTCTTTCCCTACACGACGCTCTTCCGATC*T,GTATTCCG
C7,Black51_C07_i5F,AATGATACGGCGACCACCGAGATCTACACAACAGTCCACACTCTTTCCCTACACGACGCTCTTCCGATC*T,AACAGTCC
D7,Black52_D07_i5F,AATGATACGGCGACCACCGAGATCTACACCCACTAAGACACTCTTTCCCTACACGACGCTCTTCCGATC*T,CCACTAAG
E7,Black53_E07_i5F,AATGATACGGCGACCACCGAGATCTACACTGTTCCGTACACTCTTTCCCTACACGACGCTCTTCCGATC*T,TGTTCCGT
F7,Black54_F07_i5F,AATGATACGGCGACCACCGAGATCTACACTTGCAACGACACTCTTTCCCTACACGACGCTCTTCCGATC*T,TTGCAACG
G7,Black55_G07_i5F,AATGATACGGCGACCACCGAGATCTACACCATACGGAACACTCTTTCCCTACACGACGCTCTTCCGATC*T,CATACGGA
H7,Black56_H07_i5F,AATGATACGGCGACCACCGAGATCTACACGGAGTCTTACACTCTTTCCCTACACGACGCTCTTCCGATC*T,GGAGTCTT
A8,Black57_A08_i5F,AATGATACGGCGACCACCGAGATCTACACTACTCCAGACACTCTTTCCCTACACGACGCTCTTCCGATC*T,TACTCCAG
B8,Black58_B08_i5F,AATGATACGGCGACCACCGAGATCTACACAGGTAGGAACACTCTTTCCCTACACGACGCTCTTCCGATC*T,AGGTAGGA
C8,Black59_C08_i5F,AATGATACGGCGACCACCGAGATCTACACCTAAGACCACACTCTTTCCCTACACGACGCTCTTCCGATC*T,CTAAGACC
D8,Black60_D08_i5F,AATGATACGGCGACCACCGAGATCTACACTTAGGCGTACACTCTTTCCCTACACGACGCTCTTCCGATC*T,TTAGGCGT
E8,Black61_E08_i5F,AATGATACGGCGACCACCGAGATCTACACACTCAACGACACTCTTTCCCTACACGACGCTCTTCCGATC*T,ACTCAACG
F8,Black62_F08_i5F,AATGATACGGCGACCACCGAGATCTACACCGCCTTATACACTCTTTCCCTACACGACGCTCTTCCGATC*T,CGCCTTAT
G8,Black63_G08_i5F,AATGATACGGCGACCACCGAGATCTACACGCATAGTCACACTCTTTCCCTACACGACGCTCTTCCGATC*T,GCATAGTC
H8,Black64_H08_i5F,AATGATACGGCGACCACCGAGATCTACACGGCGAATAACACTCTTTCCCTACACGACGCTCTTCCGATC*T,GGCGAATA
A9,Black65_A09_i5F,AATGATACGGCGACCACCGAGATCTACACTCACCTAGACACTCTTTCCCTACACGACGCTCTTCCGATC*T,TCACCTAG
B9,Black66_B09_i5F,AATGATACGGCGACCACCGAGATCTACACACGAGAACACACTCTTTCCCTACACGACGCTCTTCCGATC*T,ACGAGAAC
C9,Black67_C09_i5F,AATGATACGGCGACCACCGAGATCTACACCATCTGCTACACTCTTTCCCTACACGACGCTCTTCCGATC*T,CATCTGCT
D9,Black68_D09_i5F,AATGATACGGCGACCACCGAGATCTACACTGTCACACACACTCTTTCCCTACACGACGCTCTTCCGATC*T,TGTCACAC
E9,Black69_E09_i5F,AATGATACGGCGACCACCGAGATCTACACAACAGGTGACACTCTTTCCCTACACGACGCTCTTCCGATC*T,AACAGGTG
F9,Black70_F09_i5F,AATGATACGGCGACCACCGAGATCTACACCCAGTTGAACACTCTTTCCCTACACGACGCTCTTCCGATC*T,CCAGTTGA
G9,Black71_G09_i5F,AATGATACGGCGACCACCGAGATCTACACTCCTGACTACACTCTTTCCCTACACGACGCTCTTCCGATC*T,TCCTGACT
H9,Black72_H09_i5F,AATGATACGGCGACCACCGAGATCTACACCTAACCTGACACTCTTTCCCTACACGACGCTCTTCCGATC*T,CTAACCTG
A10,Black73_A10_i5F,AATGATACGGCGACCACCGAGATCTACACGATCTTGCACACTCTTTCCCTACACGACGCTCTTCCGATC*T,GATCTTGC
B10,Black74_B10_i5F,AATGATACGGCGACCACCGAGATCTACACTGACAACCACACTCTTTCCCTACACGACGCTCTTCCGATC*T,TGACAACC
C10,Black75_C10_i5F,AATGATACGGCGACCACCGAGATCTACACAGGTGTTGACACTCTTTCCCTACACGACGCTCTTCCGATC*T,AGGTGTTG
D10,Black76_D10_i5F,AATGATACGGCGACCACCGAGATCTACACGACACAGTACACTCTTTCCCTACACGACGCTCTTCCGATC*T,GACACAGT
E10,Black77_E10_i5F,AATGATACGGCGACCACCGAGATCTACACCCTGTCAAACACTCTTTCCCTACACGACGCTCTTCCGATC*T,CCTGTCAA
F10,Black78_F10_i5F,AATGATACGGCGACCACCGAGATCTACACTACCTGCAACACTCTTTCCCTACACGACGCTCTTCCGATC*T,TACCTGCA
G10,Black79_G10_i5F,AATGATACGGCGACCACCGAGATCTACACACAGCAAGACACTCTTTCCCTACACGACGCTCTTCCGATC*T,ACAGCAAG
H10,Black80_H10_i5F,AATGATACGGCGACCACCGAGATCTACACCTGAACGTACACTCTTTCCCTACACGACGCTCTTCCGATC*T,CTGAACGT
A11,Black81_A11_i5F,AATGATACGGCGACCACCGAGATCTACACAAGCCTGAACACTCTTTCCCTACACGACGCTCTTCCGATC*T,AAGCCTGA
B11,Black82_B11_i5F,AATGATACGGCGACCACCGAGATCTACACCTTAGGACACACTCTTTCCCTACACGACGCTCTTCCGATC*T,CTTAGGAC
C11,Black83_C11_i5F,AATGATACGGCGACCACCGAGATCTACACGCCTTCTTACACTCTTTCCCTACACGACGCTCTTCCGATC*T,GCCTTCTT
D11,Black84_D11_i5F,AATGATACGGCGACCACCGAGATCTACACGTGGTATGACACTCTTTCCCTACACGACGCTCTTCCGATC*T,GTGGTATG
E11,Black85_E11_i5F,AATGATACGGCGACCACCGAGATCTACACTGACCGTTACACTCTTTCCCTACACGACGCTCTTCCGATC*T,TGACCGTT
F11,Black86_F11_i5F,AATGATACGGCGACCACCGAGATCTACACAACAGCGAACACTCTTTCCCTACACGACGCTCTTCCGATC*T,AACAGCGA
G11,Black87_G11_i5F,AATGATACGGCGACCACCGAGATCTACACGAAGATCCACACTCTTTCCCTACACGACGCTCTTCCGATC*T,GAAGATCC
H11,Black88_H11_i5F,AATGATACGGCGACCACCGAGATCTACACTCCTGGTAACACTCTTTCCCTACACGACGCTCTTCCGATC*T,TCCTGGTA
A12,Black89_A12_i5F,AATGATACGGCGACCACCGAGATCTACACAGTACACGACACTCTTTCCCTACACGACGCTCTTCCGATC*T,AGTACACG
B12,Black90_B12_i5F,AATGATACGGCGACCACCGAGATCTACACCCGCTTAAACACTCTTTCCCTACACGACGCTCTTCCGATC*T,CCGCTTAA
C12,Black91_C12_i5F,AATGATACGGCGACCACCGAGATCTACACTGCTCTACACACTCTTTCCCTACACGACGCTCTTCCGATC*T,TGCTCTAC
D12,Black92_D12_i5F,AATGATACGGCGACCACCGAGATCTACACATGCGCTTACACTCTTTCCCTACACGACGCTCTTCCGATC*T,ATGCGCTT
E12,Black93_E12_i5F,AATGATACGGCGACCACCGAGATCTACACGCTAAGGAACACTCTTTCCCTACACGACGCTCTTCCGATC*T,GCTAAGGA
F12,Black94_F12_i5F,AATGATACGGCGACCACCGAGATCTACACATCGTGGTACACTCTTTCCCTACACGACGCTCTTCCGATC*T,ATCGTGGT
G12,Black95_G12_i5F,AATGATACGGCGACCACCGAGATCTACACGAACGAAGACACTCTTTCCCTACACGACGCTCTTCCGATC*T,GAACGAAG
H12,Black96_H12_i5F,AATGATACGGCGACCACCGAGATCTACACCTTCCTTCACACTCTTTCCCTACACGACGCTCTTCCGATC*T,CTTCCTTC